run_id,github_run_id,commit,corpus,scenario,interval_s,duration_s,required_s,duration_gate_only,validated_baseline_comparison_available
sha256:0e7bc7251e7aa78f1,35019251357,1366e30,final,s1,60,20.912199948,240,False,False
sha256:0e7bc7251e7aa78f1,35019251357,1366e30,final,s1,300,20.912199948,1200,False,False
sha256:0e7bc7251e7aa78f1,35019251357,1366e30,final,s1,900,20.912199948,3600,False,False
sha256:0e7bc7251e7aa78f1,35019251357,1366e30,final,s1,1800,20.912199948,7200,False,False
sha256:0e7bc7251e7aa78f1,35019251357,1366e30,final,s1,3600,20.912199948,14400,False,False
sha256:0e7bc7251e7aa78f1,35019251357,1366e30,final,s2,60,64.061237244,240,False,False
sha256:0e7bc7251e7aa78f1,35019251357,1366e30,final,s2,300,64.061237244,1200,False,False
sha256:0e7bc7251e7aa78f1,35019251357,1366e30,final,s2,900,64.061237244,3600,False,False
sha256:0e7bc7251e7aa78f1,35019251357,1366e30,final,s2,1800,64.061237244,7200,False,False
sha256:0e7bc7251e7aa78f1,35019251357,1366e30,final,s2,3600,64.061237244,14400,False,False
sha256:0e7bc7251e7aa78f1,35019251357,1366e30,final,s3,60,550.7159286350001,240,True,False
sha256:0e7bc7251e7aa78f1,35019251357,1366e30,final,s3,300,550.7159286350001,1200,False,False
sha256:0e7bc7251e7aa78f1,35019251357,1366e30,final,s3,900,550.7159286350001,3600,False,False
sha256:0e7bc7251e7aa78f1,35019251357,1366e30,final,s3,1800,550.7159286350001,7200,False,False
sha256:0e7bc7251e7aa78f1,35019251357,1366e30,final,s3,3600,550.7159286350001,14400,False,False
sha256:0e7bc7251e7aa78f1,35019251357,1366e30,final,s4,60,65.35696463700003,240,False,False
sha256:0e7bc7251e7aa78f1,35019251357,1366e30,final,s4,300,65.35696463700003,1200,False,False
sha256:0e7bc7251e7aa78f1,35019251357,1366e30,final,s4,900,65.35696463700003,3600,False,False
sha256:0e7bc7251e7aa78f1,35019251357,1366e30,final,s4,1800,65.35696463700003,7200,False,False
sha256:0e7bc7251e7aa78f1,35019251357,1366e30,final,s4,3600,65.35696463700003,14400,False,False
sha256:0e7bc7251e7aa78f1,35019251357,1366e30,final,s5,60,31.90215113900001,240,False,False
sha256:0e7bc7251e7aa78f1,35019251357,1366e30,final,s5,300,31.90215113900001,1200,False,False
sha256:0e7bc7251e7aa78f1,35019251357,1366e30,final,s5,900,31.90215113900001,3600,False,False
sha256:0e7bc7251e7aa78f1,35019251357,1366e30,final,s5,1800,31.90215113900001,7200,False,False
sha256:0e7bc7251e7aa78f1,35019251357,1366e30,final,s5,3600,31.90215113900001,14400,False,False
sha256:23d27c00dc7497481,35135450430,9e704e4,final,s6,60,600.96623131,240,True,False
sha256:23d27c00dc7497481,35135450430,9e704e4,final,s6,300,600.96623131,1200,False,False
sha256:23d27c00dc7497481,35135450430,9e704e4,final,s6,900,600.96623131,3600,False,False
sha256:23d27c00dc7497481,35135450430,9e704e4,final,s6,1800,600.96623131,7200,False,False
sha256:23d27c00dc7497481,35135450430,9e704e4,final,s6,3600,600.96623131,14400,False,False
sha256:f7e9c67c69fb0f3c9,35009739130,0be16aa,historical,s6,60,309.553248663,240,True,False
sha256:f7e9c67c69fb0f3c9,35009739130,0be16aa,historical,s6,300,309.553248663,1200,False,False
sha256:f7e9c67c69fb0f3c9,35009739130,0be16aa,historical,s6,900,309.553248663,3600,False,False
sha256:f7e9c67c69fb0f3c9,35009739130,0be16aa,historical,s6,1800,309.553248663,7200,False,False
sha256:f7e9c67c69fb0f3c9,35009739130,0be16aa,historical,s6,3600,309.553248663,14400,False,False
sha256:d14a25e724909300d,34888142546,c56afba,historical,s1,60,20.986340670999994,240,False,False
sha256:d14a25e724909300d,34888142546,c56afba,historical,s1,300,20.986340670999994,1200,False,False
sha256:d14a25e724909300d,34888142546,c56afba,historical,s1,900,20.986340670999994,3600,False,False
sha256:d14a25e724909300d,34888142546,c56afba,historical,s1,1800,20.986340670999994,7200,False,False
sha256:d14a25e724909300d,34888142546,c56afba,historical,s1,3600,20.986340670999994,14400,False,False
sha256:d14a25e724909300d,34888142546,c56afba,historical,s2,60,64.70580636700001,240,False,False
sha256:d14a25e724909300d,34888142546,c56afba,historical,s2,300,64.70580636700001,1200,False,False
sha256:d14a25e724909300d,34888142546,c56afba,historical,s2,900,64.70580636700001,3600,False,False
sha256:d14a25e724909300d,34888142546,c56afba,historical,s2,1800,64.70580636700001,7200,False,False
sha256:d14a25e724909300d,34888142546,c56afba,historical,s2,3600,64.70580636700001,14400,False,False
sha256:d14a25e724909300d,34888142546,c56afba,historical,s3,60,515.5829302730001,240,True,False
sha256:d14a25e724909300d,34888142546,c56afba,historical,s3,300,515.5829302730001,1200,False,False
sha256:d14a25e724909300d,34888142546,c56afba,historical,s3,900,515.5829302730001,3600,False,False
sha256:d14a25e724909300d,34888142546,c56afba,historical,s3,1800,515.5829302730001,7200,False,False
sha256:d14a25e724909300d,34888142546,c56afba,historical,s3,3600,515.5829302730001,14400,False,False
sha256:40b7aea49cb21f795,35009739130,0be16aa,historical,s1,60,0.3458984609999973,240,False,False
sha256:40b7aea49cb21f795,35009739130,0be16aa,historical,s1,300,0.3458984609999973,1200,False,False
sha256:40b7aea49cb21f795,35009739130,0be16aa,historical,s1,900,0.3458984609999973,3600,False,False
sha256:40b7aea49cb21f795,35009739130,0be16aa,historical,s1,1800,0.3458984609999973,7200,False,False
sha256:40b7aea49cb21f795,35009739130,0be16aa,historical,s1,3600,0.3458984609999973,14400,False,False
sha256:2b2a4c14fd142dc64,35019251357,1366e30,historical,s6,60,305.851248217,240,True,False
sha256:2b2a4c14fd142dc64,35019251357,1366e30,historical,s6,300,305.851248217,1200,False,False
sha256:2b2a4c14fd142dc64,35019251357,1366e30,historical,s6,900,305.851248217,3600,False,False
sha256:2b2a4c14fd142dc64,35019251357,1366e30,historical,s6,1800,305.851248217,7200,False,False
sha256:2b2a4c14fd142dc64,35019251357,1366e30,historical,s6,3600,305.851248217,14400,False,False
sha256:0399ac104c8e15614,35013003513,84bb8c7,historical,s6,60,304.83606512899996,240,True,False
sha256:0399ac104c8e15614,35013003513,84bb8c7,historical,s6,300,304.83606512899996,1200,False,False
sha256:0399ac104c8e15614,35013003513,84bb8c7,historical,s6,900,304.83606512899996,3600,False,False
sha256:0399ac104c8e15614,35013003513,84bb8c7,historical,s6,1800,304.83606512899996,7200,False,False
sha256:0399ac104c8e15614,35013003513,84bb8c7,historical,s6,3600,304.83606512899996,14400,False,False
sha256:0901c7cd279f83ac5,35013003513,84bb8c7,historical,s1,60,20.361136288000004,240,False,False
sha256:0901c7cd279f83ac5,35013003513,84bb8c7,historical,s1,300,20.361136288000004,1200,False,False
sha256:0901c7cd279f83ac5,35013003513,84bb8c7,historical,s1,900,20.361136288000004,3600,False,False
sha256:0901c7cd279f83ac5,35013003513,84bb8c7,historical,s1,1800,20.361136288000004,7200,False,False
sha256:0901c7cd279f83ac5,35013003513,84bb8c7,historical,s1,3600,20.361136288000004,14400,False,False
sha256:0901c7cd279f83ac5,35013003513,84bb8c7,historical,s2,60,62.367109156000005,240,False,False
sha256:0901c7cd279f83ac5,35013003513,84bb8c7,historical,s2,300,62.367109156000005,1200,False,False
sha256:0901c7cd279f83ac5,35013003513,84bb8c7,historical,s2,900,62.367109156000005,3600,False,False
sha256:0901c7cd279f83ac5,35013003513,84bb8c7,historical,s2,1800,62.367109156000005,7200,False,False
sha256:0901c7cd279f83ac5,35013003513,84bb8c7,historical,s2,3600,62.367109156000005,14400,False,False
sha256:0901c7cd279f83ac5,35013003513,84bb8c7,historical,s3,60,545.39119566,240,True,False
sha256:0901c7cd279f83ac5,35013003513,84bb8c7,historical,s3,300,545.39119566,1200,False,False
sha256:0901c7cd279f83ac5,35013003513,84bb8c7,historical,s3,900,545.39119566,3600,False,False
sha256:0901c7cd279f83ac5,35013003513,84bb8c7,historical,s3,1800,545.39119566,7200,False,False
sha256:0901c7cd279f83ac5,35013003513,84bb8c7,historical,s3,3600,545.39119566,14400,False,False
sha256:0901c7cd279f83ac5,35013003513,84bb8c7,historical,s4,60,53.18165760299996,240,False,False
sha256:0901c7cd279f83ac5,35013003513,84bb8c7,historical,s4,300,53.18165760299996,1200,False,False
sha256:0901c7cd279f83ac5,35013003513,84bb8c7,historical,s4,900,53.18165760299996,3600,False,False
sha256:0901c7cd279f83ac5,35013003513,84bb8c7,historical,s4,1800,53.18165760299996,7200,False,False
sha256:0901c7cd279f83ac5,35013003513,84bb8c7,historical,s4,3600,53.18165760299996,14400,False,False
sha256:0901c7cd279f83ac5,35013003513,84bb8c7,historical,s5,60,307.1434046190001,240,True,False
sha256:0901c7cd279f83ac5,35013003513,84bb8c7,historical,s5,300,307.1434046190001,1200,False,False
sha256:0901c7cd279f83ac5,35013003513,84bb8c7,historical,s5,900,307.1434046190001,3600,False,False
sha256:0901c7cd279f83ac5,35013003513,84bb8c7,historical,s5,1800,307.1434046190001,7200,False,False
sha256:0901c7cd279f83ac5,35013003513,84bb8c7,historical,s5,3600,307.1434046190001,14400,False,False
sha256:c4dbc4a057b23ebbb,34888142546,c56afba,historical,s6,60,300.72358231199996,240,True,False
sha256:c4dbc4a057b23ebbb,34888142546,c56afba,historical,s6,300,300.72358231199996,1200,False,False
sha256:c4dbc4a057b23ebbb,34888142546,c56afba,historical,s6,900,300.72358231199996,3600,False,False
sha256:c4dbc4a057b23ebbb,34888142546,c56afba,historical,s6,1800,300.72358231199996,7200,False,False
sha256:c4dbc4a057b23ebbb,34888142546,c56afba,historical,s6,3600,300.72358231199996,14400,False,False
