run_id,github_run_id,commit,corpus,scenario,started_at,ended_at,elapsed_s,recorded_status,error,archive,pointer
sha256:d14a25e724909300d,34888142546,c56afba,historical,s1,2026-09-14T19:38:55.225420Z,2026-09-14T19:39:16.211748Z,20.986340670999994,COMPLETED,,Research2_mitacs/live runs try 1-5/superseeded runs/research2-s1-s5-evidence.zip,/scenarios/s1
sha256:d14a25e724909300d,34888142546,c56afba,historical,s2,2026-09-14T19:39:16.212698Z,2026-09-14T19:40:20.918493Z,64.70580636700001,COMPLETED,,Research2_mitacs/live runs try 1-5/superseeded runs/research2-s1-s5-evidence.zip,/scenarios/s2
sha256:d14a25e724909300d,34888142546,c56afba,historical,s3,2026-09-14T19:40:20.918527Z,2026-09-14T19:48:56.501443Z,515.5829302730001,FAILED,An error occurred (ExpiredTokenException) when calling the AssumeRoleWithWebIdentity operation: Token expired: current date/time 1789415036 must be before the expiration date/time 1789415032,Research2_mitacs/live runs try 1-5/superseeded runs/research2-s1-s5-evidence.zip,/scenarios/s3
sha256:c4dbc4a057b23ebbb,34888142546,c56afba,historical,s6,2026-09-14T19:49:18.580419Z,2026-09-14T19:54:19.303994Z,300.72358231199996,FAILED,S6 broad trust did not reach a stable transition: timeout,Research2_mitacs/live runs try 1-5/superseeded runs/research2-s6-evidence.zip,/scenarios/s6
sha256:40b7aea49cb21f795,35009739130,0be16aa,historical,s1,2026-09-15T18:48:38.647382Z,2026-09-15T18:48:38.993267Z,0.3458984609999973,FAILED,An error occurred (AccessDenied) when calling the AssumeRoleWithWebIdentity operation: Not authorized to perform sts:AssumeRoleWithWebIdentity,Research2_mitacs/live runs try 1-5/superseeded runs/research2-s1-s5-evidence copy.zip,/scenarios/s1
sha256:f7e9c67c69fb0f3c9,35009739130,0be16aa,historical,s6,2026-09-15T18:49:02.979999Z,2026-09-15T18:54:12.533233Z,309.553248663,FAILED,S6 broad trust did not reach a stable transition: timeout,Research2_mitacs/live runs try 1-5/superseeded runs/research2-s6-evidence copy.zip,/scenarios/s6
sha256:0901c7cd279f83ac5,35013003513,84bb8c7,historical,s1,2026-09-15T19:20:27.181007Z,2026-09-15T19:20:47.542138Z,20.361136288000004,COMPLETED,,Research2_mitacs/live runs try 1-5/superseeded runs/research2-s1-s5-evidence copy 2.zip,/scenarios/s1
sha256:0901c7cd279f83ac5,35013003513,84bb8c7,historical,s2,2026-09-15T19:20:47.543030Z,2026-09-15T19:21:49.910131Z,62.367109156000005,COMPLETED,,Research2_mitacs/live runs try 1-5/superseeded runs/research2-s1-s5-evidence copy 2.zip,/scenarios/s2
sha256:0901c7cd279f83ac5,35013003513,84bb8c7,historical,s3,2026-09-15T19:21:49.910164Z,2026-09-15T19:30:55.301359Z,545.39119566,COMPLETED,,Research2_mitacs/live runs try 1-5/superseeded runs/research2-s1-s5-evidence copy 2.zip,/scenarios/s3
sha256:0901c7cd279f83ac5,35013003513,84bb8c7,historical,s4,2026-09-15T19:30:55.302360Z,2026-09-15T19:31:48.484005Z,53.18165760299996,COMPLETED,,Research2_mitacs/live runs try 1-5/superseeded runs/research2-s1-s5-evidence copy 2.zip,/scenarios/s4
sha256:0901c7cd279f83ac5,35013003513,84bb8c7,historical,s5,2026-09-15T19:31:48.484047Z,2026-09-15T19:36:55.627448Z,307.1434046190001,FAILED,S5 A-to-B removal did not reach a stable transition: timeout,Research2_mitacs/live runs try 1-5/superseeded runs/research2-s1-s5-evidence copy 2.zip,/scenarios/s5
sha256:0399ac104c8e15614,35013003513,84bb8c7,historical,s6,2026-09-15T19:37:17.262585Z,2026-09-15T19:42:22.098640Z,304.83606512899996,FAILED,S6 broad trust did not reach a stable transition: timeout,Research2_mitacs/live runs try 1-5/superseeded runs/research2-s6-evidence copy 2.zip,/scenarios/s6
sha256:0e7bc7251e7aa78f1,35019251357,1366e30,final,s1,2026-09-15T20:22:58.996336Z,2026-09-15T20:23:19.908528Z,20.912199948,COMPLETED,,Research2_mitacs/live runs try 1-5/final runs/research2-s1-s5-evidence (1)(1).zip,/scenarios/s1
sha256:0e7bc7251e7aa78f1,35019251357,1366e30,final,s2,2026-09-15T20:23:19.909271Z,2026-09-15T20:24:23.970496Z,64.061237244,COMPLETED,,Research2_mitacs/live runs try 1-5/final runs/research2-s1-s5-evidence (1)(1).zip,/scenarios/s2
sha256:0e7bc7251e7aa78f1,35019251357,1366e30,final,s3,2026-09-15T20:24:23.970526Z,2026-09-15T20:33:34.686453Z,550.7159286350001,COMPLETED,,Research2_mitacs/live runs try 1-5/final runs/research2-s1-s5-evidence (1)(1).zip,/scenarios/s3
sha256:0e7bc7251e7aa78f1,35019251357,1366e30,final,s4,2026-09-15T20:33:34.687345Z,2026-09-15T20:34:40.044296Z,65.35696463700003,COMPLETED,,Research2_mitacs/live runs try 1-5/final runs/research2-s1-s5-evidence (1)(1).zip,/scenarios/s4
sha256:0e7bc7251e7aa78f1,35019251357,1366e30,final,s5,2026-09-15T20:34:40.044333Z,2026-09-15T20:35:11.946469Z,31.90215113900001,COMPLETED,,Research2_mitacs/live runs try 1-5/final runs/research2-s1-s5-evidence (1)(1).zip,/scenarios/s5
sha256:2b2a4c14fd142dc64,35019251357,1366e30,historical,s6,2026-09-15T20:35:32.488308Z,2026-09-15T20:40:38.339551Z,305.851248217,FAILED,S6 broad trust did not reach a stable transition: timeout,Research2_mitacs/live runs try 1-5/superseeded runs/research2-s6-evidence copy 3.zip,/scenarios/s6
sha256:23d27c00dc7497481,35135450430,9e704e4,final,s6,2026-09-16T18:36:45.537221Z,2026-09-16T18:46:46.503443Z,600.96623131,FAILED_RESTORATION_UNKNOWN,S6 broad trust did not reach a confirmed transition: DETECTED_UNCONFIRMED,Research2_mitacs/live runs try 1-5/final runs/research2-s6-repaired-evidence.zip,/scenarios/s6
