run_id,github_run_id,commit,corpus,scenario,kind,section,observations,initial_recorded_state,expected_old_state,expected_opposite_state,last_old_s,first_new_s,third_new_s,in_window_expected,unexpected_states,raw_status,raw_first_new_s,raw_stable_s,recorded_offset_verdict,clock_semantics,pointer
sha256:d14a25e724909300d,34888142546,c56afba,historical,s2,grant_propagation,events,4,denied,denied,allowed,2.400000056468343e-07,10.419968855000008,31.47521314800001,3,[],stable,10.419968855000008,31.47521314800001,THREE_EXPECTED_RECORDED_WITHIN_WINDOW,unverified_revision,/scenarios/s2/events/2
sha256:d14a25e724909300d,34888142546,c56afba,historical,s2,revoke_propagation,events,4,allowed,allowed,denied,9.120000044049448e-07,10.492128977999997,31.339176732,3,[],stable,10.492128977999997,31.339176732,THREE_EXPECTED_RECORDED_WITHIN_WINDOW,unverified_revision,/scenarios/s2/events/4
sha256:d14a25e724909300d,34888142546,c56afba,historical,s3,new_session_block_propagation,events,25,allowed,allowed,denied,211.835910725,221.91918434200002,242.086796503,3,[],stable,221.91918434200002,242.086796503,THREE_EXPECTED_RECORDED_WITHIN_WINDOW,unverified_revision,/scenarios/s3/events/2
sha256:c4dbc4a057b23ebbb,34888142546,c56afba,historical,s6,broad_trust_propagation,events,31,denied,denied,allowed,290.45868302300005,300.47684340399996,,0,[],timeout,300.47684340399996,,NO_EXPECTED_RECORDED_WITHIN_WINDOW,unverified_revision,/scenarios/s6/events/2
sha256:f7e9c67c69fb0f3c9,35009739130,0be16aa,historical,s6,broad_trust_propagation,events,31,denied,denied,allowed,298.17312076099995,308.452165898,,0,[],timeout,308.452165898,,NO_EXPECTED_RECORDED_WITHIN_WINDOW,unverified_revision,/scenarios/s6/events/2
sha256:0901c7cd279f83ac5,35013003513,84bb8c7,historical,s2,grant_propagation,events,4,denied,denied,allowed,2.909999992084522e-07,10.196941596999991,30.866382263999995,3,[],stable,10.196941596999991,30.866382263999995,THREE_EXPECTED_RECORDED_WITHIN_WINDOW,unverified_revision,/scenarios/s2/events/2
sha256:0901c7cd279f83ac5,35013003513,84bb8c7,historical,s2,revoke_propagation,events,4,allowed,allowed,denied,5.010000023730754e-07,10.227767409000009,30.658950063000006,3,[],stable,10.227767409000009,30.658950063000006,THREE_EXPECTED_RECORDED_WITHIN_WINDOW,unverified_revision,/scenarios/s2/events/4
sha256:0901c7cd279f83ac5,35013003513,84bb8c7,historical,s3,new_session_block_propagation,events,25,allowed,allowed,denied,212.04097876699996,222.12396881399997,242.27533240099996,3,[],stable,222.12396881399997,242.27533240099996,THREE_EXPECTED_RECORDED_WITHIN_WINDOW,unverified_revision,/scenarios/s3/events/2
sha256:0901c7cd279f83ac5,35013003513,84bb8c7,historical,s3,trust_restoration_propagation,restoration,31,denied,denied,allowed,272.167341968,282.24357565400004,302.40362346700005,2,[],stable,282.24357565400004,302.40362346700005,EXPECTED_RECORDED_UNCONFIRMED,unverified_revision,/scenarios/s3/restoration/1
sha256:0901c7cd279f83ac5,35013003513,84bb8c7,historical,s4,assume_chain_propagation,events,3,allowed,denied,allowed,,3.410000317671802e-07,20.388904248000017,3,[],stable,3.410000317671802e-07,20.388904248000017,THREE_EXPECTED_RECORDED_WITHIN_WINDOW,unverified_revision,/scenarios/s4/events/1
sha256:0901c7cd279f83ac5,35013003513,84bb8c7,historical,s4,chain_capability_propagation,events,4,denied,denied,allowed,3.19999912790081e-07,10.400845544999925,31.056896101999996,3,[],stable,10.400845544999925,31.056896101999996,THREE_EXPECTED_RECORDED_WITHIN_WINDOW,unverified_revision,/scenarios/s4/events/3
sha256:0901c7cd279f83ac5,35013003513,84bb8c7,historical,s5,phase1_removal_propagation,events,31,allowed,allowed,denied,306.83774263,,,0,[],timeout,,,NO_EXPECTED_RECORDED_WITHIN_WINDOW,unverified_revision,/scenarios/s5/events/2
sha256:0399ac104c8e15614,35013003513,84bb8c7,historical,s6,broad_trust_propagation,events,31,denied,denied,allowed,294.081281544,304.224024088,,0,[],timeout,304.224024088,,NO_EXPECTED_RECORDED_WITHIN_WINDOW,unverified_revision,/scenarios/s6/events/2
sha256:0e7bc7251e7aa78f1,35019251357,1366e30,final,s2,grant_propagation,events,4,denied,denied,allowed,2.4399999887236845e-07,10.412073638999999,31.357730793,3,[],stable,10.412073638999999,31.357730793,THREE_EXPECTED_RECORDED_WITHIN_WINDOW,probe_start,/scenarios/s2/events/2
sha256:0e7bc7251e7aa78f1,35019251357,1366e30,final,s2,revoke_propagation,events,4,allowed,allowed,denied,2.850000129228647e-07,10.434757476000001,31.238864218000003,3,[],stable,10.434757476000001,31.238864218000003,THREE_EXPECTED_RECORDED_WITHIN_WINDOW,probe_start,/scenarios/s2/events/4
sha256:0e7bc7251e7aa78f1,35019251357,1366e30,final,s3,new_session_block_propagation,events,25,allowed,allowed,denied,213.700361749,223.870817481,244.218617787,3,[],stable,223.870817481,244.218617787,THREE_EXPECTED_RECORDED_WITHIN_WINDOW,probe_start,/scenarios/s3/events/2
sha256:0e7bc7251e7aa78f1,35019251357,1366e30,final,s3,trust_restoration_propagation,restoration,31,denied,denied,allowed,274.64367061600007,284.800464527,305.129905854,2,[],stable,284.800464527,305.129905854,EXPECTED_RECORDED_UNCONFIRMED,probe_start,/scenarios/s3/restoration/1
sha256:0e7bc7251e7aa78f1,35019251357,1366e30,final,s4,assume_chain_propagation,events,4,denied,denied,allowed,3.3499998153274646e-07,10.395322978999957,31.155184374999976,3,[],stable,10.395322978999957,31.155184374999976,THREE_EXPECTED_RECORDED_WITHIN_WINDOW,probe_start,/scenarios/s4/events/1
sha256:0e7bc7251e7aa78f1,35019251357,1366e30,final,s4,chain_capability_propagation,events,4,denied,denied,allowed,3.2100001590151805e-07,10.649922077000042,31.846994035999955,3,[],stable,10.649922077000042,31.846994035999955,THREE_EXPECTED_RECORDED_WITHIN_WINDOW,probe_start,/scenarios/s4/events/3
sha256:0e7bc7251e7aa78f1,35019251357,1366e30,final,s5,phase1_removal_propagation,events,4,allowed,allowed,denied,2.929999709522235e-07,10.375703812999973,31.17738361399995,3,[],stable,10.375703812999973,31.17738361399995,THREE_EXPECTED_RECORDED_WITHIN_WINDOW,probe_start,/scenarios/s5/events/2
sha256:2b2a4c14fd142dc64,35019251357,1366e30,historical,s6,broad_trust_propagation,events,31,denied,denied,allowed,295.024649259,305.218679544,,0,[],timeout,305.218679544,,NO_EXPECTED_RECORDED_WITHIN_WINDOW,probe_start,/scenarios/s6/events/2
sha256:23d27c00dc7497481,35135450430,9e704e4,final,s6,broad_trust_propagation,events,31,denied,denied,allowed,294.82561126300004,300.15896637000003,,0,[],DETECTED_UNCONFIRMED,300.15896637000003,,NO_EXPECTED_RECORDED_WITHIN_WINDOW,completion,/scenarios/s6/events/2
sha256:23d27c00dc7497481,35135450430,9e704e4,final,s6,exception_strict_restoration_propagation,restoration,31,allowed,allowed,denied,294.805647916,300.169703541,,0,[],DETECTED_UNCONFIRMED,300.169703541,,NO_EXPECTED_RECORDED_WITHIN_WINDOW,completion,/scenarios/s6/restoration/1
